metric,month,value
fairness_lift,2026-03,0.432750754969368
operational_lift,2026-03,0.11146719191382914
cancellation_impact,2026-03,0.4228092412801152
